mol_id,atom_id,score
A:CL504,Cl1,0.0
A:CL505,Cl1,0.0
A:CL506,Cl1,0.0
A:CL507,Cl1,0.0
A:TDP601,N1,0.0
A:TDP601,C2,0.0
A:TDP601,C3,0.0
A:TDP601,N4,0.0
A:TDP601,C5,9.85200023651
A:TDP601,N6,0.0
A:TDP601,C7,10.626999855
A:TDP601,C8,0.0
A:TDP601,C9,14.2840003967
A:TDP601,N10,17.4839992523
A:TDP601,C11,17.4839992523
A:TDP601,S12,17.0410003662
A:TDP601,C13,17.4839992523
A:TDP601,C14,17.3269996643
A:TDP601,C15,14.7539997101
A:TDP601,C16,17.4839992523
A:TDP601,C17,17.4839992523
A:TDP601,O18,14.9610004425
A:TDP601,P19,15.845000267
A:TDP601,O20,14.718000412
A:TDP601,O21,12.8439998627
A:TDP601,O22,13.6289997101
A:TDP601,P23,13.9490003586
A:TDP601,O24,16.2689990997
A:TDP601,O25,17.6490001678
A:TDP601,O26,15.718000412
A:BEN701,C1,0.0
A:BEN701,C2,0.0
A:BEN701,C3,0.0
A:BEN701,C4,0.0
A:BEN701,C5,0.0
A:BEN701,C6,0.0
A:BEN701,C7,0.0
A:BEN701,N8,0.0
A:BEN701,N9,0.0
B:GOL701,C1,14.2270002365
B:GOL701,O2,13.7229995728
B:GOL701,C3,13.5489997864
B:GOL701,O4,13.9530000687
B:GOL701,C5,13.5059995651
B:GOL701,O6,15.3229999542
B:GOL702,C1,0.0
B:GOL702,O2,0.0
B:GOL702,C3,0.0
B:GOL702,O4,0.0
B:GOL702,C5,0.0
B:GOL702,O6,0.0
B:GOL703,C1,0.0
B:GOL703,O2,0.0
B:GOL703,C3,0.0
B:GOL703,O4,0.0
B:GOL703,C5,0.0
B:GOL703,O6,0.0
