mol_id,atom_id,score
A:HCP434,C1,12.9809999466
A:HCP434,C2,12.9809999466
A:HCP434,N3,13.3149995804
A:HCP434,C4,11.9469995499
A:HCP434,C5,12.9809999466
A:HCP434,C6,12.9809999466
A:HCP434,N7,11.3780002594
A:HCP434,C8,10.7589998245
A:HCP434,C9,8.26399993896
A:HCP434,C10,7.42700004578
A:HCP434,C11,6.00500011444
A:HCP434,C12,7.32800006866
A:HCP434,P13,8.26399993896
A:HCP434,O14,0.0
A:HCP434,O15,10.3050003052
A:HCP434,O16,9.23499965668
A:HCP434,O17,11.1920003891
A:HCP434,C18,12.9809999466
A:HCP434,C19,12.9809999466
A:HCP434,C20,11.9139995575
A:HCP434,O21,8.49400043488
A:HCP434,P22,8.96000003815
A:HCP434,O23,8.22900009155
A:HCP434,O24,6.50099992752
A:HCP434,O25,8.37699985504
