mol_id,atom_id,score
A:CEL701,S1,16.0060005188
A:CEL701,C2,16.5410003662
A:CEL701,C3,16.5410003662
A:CEL701,C4,16.5410003662
A:CEL701,C5,16.5410003662
A:CEL701,C6,16.5410003662
A:CEL701,C7,16.5410003662
A:CEL701,N8,16.5410003662
A:CEL701,C9,16.0060005188
A:CEL701,C10,13.2969999313
A:CEL701,C11,11.7790002823
A:CEL701,C12,11.9429998398
A:CEL701,C13,4.74900007248
A:CEL701,C14,3.59899997711
A:CEL701,C15,7.74900007248
A:CEL701,C16,10.9429998398
A:CEL701,C17,13.8959999084
A:CEL701,C18,13.4519996643
A:CEL701,C19,8.02400016785
A:CEL701,F20,5.04600000381
A:CEL701,F21,7.98600006104
A:CEL701,F22,0.0
A:CEL701,N23,0.0
A:CEL701,N24,15.6579999924
A:CEL701,O25,0.0
A:CEL701,O26,16.1609992981
