mol_id,atom_id,score
A:NDP163,P1,12.7910003662
A:NDP163,O2,10.3920001984
A:NDP163,O3,14.7740001678
A:NDP163,O4,7.28100013733
A:NDP163,C5,9.34200000763
A:NDP163,C6,7.90199995041
A:NDP163,O7,5.65500020981
A:NDP163,C8,9.26700019836
A:NDP163,O9,0.0
A:NDP163,C10,4.20699977875
A:NDP163,O11,0.0
A:NDP163,C12,2.47199988365
A:NDP163,N13,3.92000007629
A:NDP163,C14,3.92000007629
A:NDP163,N15,8.40100002289
A:NDP163,C16,3.92000007629
A:NDP163,C17,3.92000007629
A:NDP163,N18,0.0
A:NDP163,N19,0.0
A:NDP163,C20,0.0
A:NDP163,N21,0.0
A:NDP163,C22,3.92000007629
A:NDP163,O23,14.218000412
A:NDP163,P24,16.0349998474
A:NDP163,O25,13.1739997864
A:NDP163,O26,16.9440002441
A:NDP163,O27,14.8549995422
A:NDP163,C28,16.7619991302
A:NDP163,C29,16.7619991302
A:NDP163,O30,19.1679992676
A:NDP163,C31,16.2660007477
A:NDP163,O32,20.2719993591
A:NDP163,C33,16.7619991302
A:NDP163,O34,18.591999054
A:NDP163,C35,16.7619991302
A:NDP163,N36,16.5879993439
A:NDP163,C37,16.3920001984
A:NDP163,C38,16.7380008698
A:NDP163,C39,16.0590000153
A:NDP163,O40,17.9130001068
A:NDP163,N41,0.0
A:NDP163,C42,16.7380008698
A:NDP163,C43,16.7380008698
A:NDP163,C44,16.7380008698
A:NDP163,P45,0.0
A:NDP163,O46,0.0
A:NDP163,O47,0.0
A:NDP163,O48,0.0
A:MTX164,N1,0.0
A:MTX164,C2,15.2370004654
A:MTX164,N3,14.7239999771
A:MTX164,N4,0.0
A:MTX164,C5,16.4580001831
A:MTX164,N6,16.452999115
A:MTX164,C7,16.7929992676
A:MTX164,N8,0.0
A:MTX164,C9,17.0109996796
A:MTX164,C10,17.138999939
A:MTX164,N11,0.0
A:MTX164,C12,16.7929992676
A:MTX164,C13,17.0109996796
A:MTX164,N14,17.454000473
A:MTX164,C15,16.9340000153
A:MTX164,C16,17.4750003815
A:MTX164,C17,17.4750003815
A:MTX164,C18,17.4750003815
A:MTX164,C19,17.454000473
A:MTX164,C20,17.4750003815
A:MTX164,C21,17.4750003815
A:MTX164,C22,17.4750003815
A:MTX164,O23,16.6639995575
A:MTX164,N24,0.0
A:MTX164,C25,17.2080001831
A:MTX164,C26,16.8859996796
A:MTX164,O27,18.4549999237
A:MTX164,O28,12.7110004425
A:MTX164,C29,17.061000824
A:MTX164,C30,17.4750003815
A:MTX164,C31,13.670999527
A:MTX164,O32,0.0
A:MTX164,O33,0.0
