mol_id,atom_id,score
A:B681,C1,32.3959999084
A:B681,C2,34.6539993286
A:B681,O3,27.6550006866
A:B681,N4,25.093000412
A:B681,C5,34.6539993286
A:B681,C6,34.6539993286
A:B681,C7,34.6539993286
A:B681,C8,34.6539993286
A:B681,C9,34.6539993286
A:B681,C10,34.6539993286
A:B681,O11,24.579000473
A:B681,C12,32.3250007629
A:B681,C13,32.3250007629
A:B681,O14,32.4459991455
A:B681,C15,31.7759990692
A:B681,C16,32.3250007629
A:B681,O17,31.1359996796
A:B681,N18,0.0
A:B681,C19,0.0
A:B681,C20,0.0
A:B681,C21,0.0
A:B681,C22,0.0
A:B681,C23,0.0
A:B681,N24,0.0
A:B681,O25,0.0
A:B681,O26,0.0
A:B681,C27,0.0
A:B681,C28,0.0
A:B681,F29,0.0
A:B681,F30,0.0
A:B681,F31,0.0
