mol_id,atom_id,score
A:PLA415,N1,12.6780004501
A:PLA415,C2,13.9379997253
A:PLA415,C3,13.4099998474
A:PLA415,C4,13.9379997253
A:PLA415,O5,18.1700000763
A:PLA415,C6,13.9379997253
A:PLA415,C7,12.4630002975
A:PLA415,C8,13.9379997253
A:PLA415,C9,13.9379997253
A:PLA415,C10,13.4099998474
A:PLA415,O11,12.5780000687
A:PLA415,P12,10.1649999619
A:PLA415,O13,28.6319999695
A:PLA415,O14,18.0499992371
A:PLA415,O15,20.0529994965
A:PLA415,N16,0.0
A:PLA415,C17,1.45500004292
A:PLA415,C18,0.0
A:PLA415,C19,0.0
A:PLA415,C20,0.0
A:PLA415,O21,0.0
A:PLA415,O22,0.0
A:PLA415,C23,3.20499992371
A:PLA415,O24,0.0
A:PLA415,O25,0.0
B:LLP258,N1,0.0
B:LLP258,C2,16.6660003662
B:LLP258,C3,14.4180002213
B:LLP258,C4,17.1690006256
B:LLP258,O5,16.5750007629
B:LLP258,C6,17.1690006256
B:LLP258,C7,16.6660003662
B:LLP258,C8,17.1690006256
B:LLP258,C9,17.1690006256
B:LLP258,C10,17.1690006256
B:LLP258,O11,18.4349994659
B:LLP258,P12,14.843000412
B:LLP258,O13,25.2259998322
B:LLP258,O14,23.561000824
B:LLP258,O15,18.5119991302
B:LLP258,N16,0.0
B:LLP258,C17,10.4530000687
B:LLP258,C18,13.406999588
B:LLP258,C19,13.9670000076
B:LLP258,C20,16.0769996643
B:LLP258,C21,16.3910007477
B:LLP258,N22,0.0
B:LLP258,C23,8.34200000763
B:LLP258,O24,0.0
