mol_id,atom_id,score
A:STI3,C1,16.6679992676
A:STI3,C2,16.9619998932
A:STI3,C3,18.7590007782
A:STI3,C4,18.0349998474
A:STI3,N5,0.0
A:STI3,C6,15.9650001526
A:STI3,C7,18.7590007782
A:STI3,C8,18.7590007782
A:STI3,C9,18.7590007782
A:STI3,N10,18.2430000305
A:STI3,C11,19.1040000916
A:STI3,N12,0.0
A:STI3,N13,19.3470001221
A:STI3,C14,19.4279994965
A:STI3,C15,19.4279994965
A:STI3,C16,19.4279994965
A:STI3,C17,19.4279994965
A:STI3,C18,19.4279994965
A:STI3,C19,19.4279994965
A:STI3,N20,18.327999115
A:STI3,C21,15.75
A:STI3,C22,16.2509994507
A:STI3,C23,16.5009994507
A:STI3,C24,16.5009994507
A:STI3,C25,16.5079994202
A:STI3,C26,16.438999176
A:STI3,C27,16.438999176
A:STI3,C28,16.5079994202
A:STI3,N29,16.2140007019
A:STI3,C30,16.156999588
A:STI3,C31,14.4409999847
A:STI3,N32,0.0
A:STI3,C33,12.6979999542
A:STI3,C34,15.7229995728
A:STI3,C35,16.3740005493
A:STI3,O36,17.5900001526
A:STI3,C37,18.8040008545
A:PO44,P1,0.0
A:PO44,O2,0.0
A:PO44,O3,0.0
A:PO44,O4,0.0
A:PO44,O5,0.0
A:PO45,P1,0.0
A:PO45,O2,0.0
A:PO45,O3,0.0
A:PO45,O4,0.0
A:PO45,O5,0.0
