mol_id,atom_id,score
A:NDR1001,O1,45.1049995422
A:NDR1001,C2,50.9169998169
A:NDR1001,C3,50.9169998169
A:NDR1001,C4,50.9169998169
A:NDR1001,C5,50.9169998169
A:NDR1001,C6,50.9169998169
A:NDR1001,C7,50.9169998169
A:NDR1001,C8,50.9169998169
A:NDR1001,C9,50.9169998169
A:NDR1001,C10,49.2420005798
A:NDR1001,C11,50.9169998169
A:NDR1001,C12,49.8470001221
A:NDR1001,C13,50.0509986877
A:NDR1001,C14,50.4609985352
A:NDR1001,C15,50.4609985352
A:NDR1001,C16,50.061000824
A:NDR1001,C17,50.4609985352
A:NDR1001,O18,52.5709991455
A:NDR1001,C19,50.4609985352
A:NDR1001,C20,50.4609985352
A:NDR1001,C21,50.4609985352
A:NDR1001,C22,50.4609985352
