mol_id,atom_id,score
A:PPR1000,C1,0.0
A:PPR1000,O2,0.0
A:PPR1000,O3,0.0
A:PPR1000,C4,0.0
A:PPR1000,C5,0.0
A:PPR1000,O6,0.0
A:PPR1000,P7,0.0
A:PPR1000,O8,0.0
A:PPR1000,O9,0.0
A:PPR1000,O10,0.0
A:SO41002,S1,6.92199993134
A:SO41002,O2,15.8579998016
A:SO41002,O3,6.74800014496
A:SO41002,O4,6.49100017548
A:SO41002,O5,6.47900009155
A:SO41003,S1,0.0
A:SO41003,O2,0.0
A:SO41003,O3,0.0
A:SO41003,O4,0.0
A:SO41003,O5,0.0
A:SO41004,S1,0.0
A:SO41004,O2,0.0
A:SO41004,O3,0.0
A:SO41004,O4,0.0
A:SO41004,O5,0.0
A:SO41005,S1,0.0
A:SO41005,O2,0.0
A:SO41005,O3,0.0
A:SO41005,O4,0.0
A:SO41005,O5,0.0
