mol_id,atom_id,score
A:5CN1000,C1,16.8339996338
A:5CN1000,C2,15.9969997406
A:5CN1000,C3,15.7600002289
A:5CN1000,C4,16.9139995575
A:5CN1000,C5,16.8339996338
A:5CN1000,C6,16.1159992218
A:5CN1000,C7,17.0489997864
A:5CN1000,C8,16.375
A:5CN1000,C9,16.311000824
A:5CN1000,C10,14.3339996338
A:5CN1000,C11,17.4510002136
A:5CN1000,C12,19.9160003662
A:5CN1000,C13,18.5
A:5CN1000,C14,19.9160003662
A:5CN1000,C15,15.7239999771
A:5CN1000,C16,15.7239999771
A:5CN1000,C17,16.8339996338
A:5CN1000,N18,16.8339996338
A:5CN1000,O19,0.0
A:5CN1000,N20,0.0
A:5CN1000,O21,16.4239997864
A:5CN1000,C22,19.9160003662
A:5CN1000,C23,19.9160003662
A:5CN1000,O24,17.8320007324
A:5CN1000,N25,20.0160007477
