mol_id,atom_id,score
A:MNO601,C1,0.0
A:MNO601,C2,0.0
A:MNO601,C3,0.0
A:MNO601,C4,0.0
A:MNO601,C5,0.0
A:MNO601,C6,0.0
A:MNO601,C7,0.0
A:MNO601,C8,0.0
A:MNO601,C9,0.0
A:MNO601,C10,0.0
A:MNO601,C11,0.0
A:MNO601,O12,0.0
A:MNO601,N13,0.0
A:MNO601,C14,0.0
A:MNO601,C15,6.05999994278
A:MNO601,O16,8.20800018311
A:MNO601,C17,0.0
A:MNO601,C18,1.40199995041
A:MNO601,C19,0.0
A:MNO601,N20,10.5839996338
A:MNO601,C21,11.5620002747
A:MNO601,C22,14.8229999542
A:MNO601,O23,0.0
A:MNO601,C24,4.88000011444
A:MNO601,C25,0.0
A:MNO601,C26,0.0
A:MNO601,N27,17.4780006409
A:MNO601,C28,14.8229999542
A:MNO601,C29,14.2810001373
A:MNO601,N30,0.0
A:MNO601,O31,12.015999794
A:MNO601,C32,14.2469997406
A:MNO601,S33,14.2810001373
A:MNO601,O34,12.517999649
A:MNO601,O35,0.0
A:MNO601,C36,10.3479995728
A:MNO601,O37,13.843000412
A:MNO601,C38,13.2030000687
