mol_id,atom_id,score
A:DGN538,N1,15.263999939
A:DGN538,C2,13.2239999771
A:DGN538,C3,13.2239999771
A:DGN538,O4,12.0059995651
A:DGN538,O5,13.0500001907
A:DGN538,C6,13.2239999771
A:DGN538,C7,12.8400001526
A:DGN538,C8,12.8400001526
A:DGN538,O9,0.0
A:DGN538,N10,13.6990003586
