mol_id,atom_id,score
A:IPP362,P1,10.7589998245
A:IPP362,O2,18.8320007324
A:IPP362,O3,13.8669996262
A:IPP362,C4,7.73000001907
A:IPP362,N5,0.0
A:IPP362,C6,0.0
A:IPP362,C7,0.0
A:IPP362,O8,0.0
A:IPP362,O9,0.0
A:IPP362,C10,0.0
A:IPP362,C11,0.0
A:IPP362,C12,0.0
A:IPP362,C13,0.0
A:IPP362,C14,0.0
A:IPP362,C15,0.0
A:IPP362,C16,0.0
A:IPP362,C17,7.07399988174
A:IPP362,C18,1.72599995136
A:IPP362,C19,8.75100040436
A:IPP362,I20,0.0
A:IPP362,I21,7.62900018692
A:IPP362,C22,7.25500011444
A:IPP362,C23,8.59099960327
A:IPP362,C24,0.0
A:IPP362,C25,0.0
