mol_id,atom_id,score
A:RS7841,C1,15.0310001373
A:RS7841,O2,15.0329999924
A:RS7841,O3,0.0
A:RS7841,C4,18.1240005493
A:RS7841,C5,18.8740005493
A:RS7841,C6,18.8740005493
A:RS7841,C7,18.6739997864
A:RS7841,C8,18.3799991608
A:RS7841,C9,18.6739997864
A:RS7841,C10,18.6739997864
A:RS7841,C11,18.8740005493
A:RS7841,C12,18.8740005493
A:RS7841,C13,18.8740005493
A:RS7841,C14,18.7339992523
A:RS7841,C15,18.8740005493
A:RS7841,C16,18.8740005493
A:RS7841,C17,18.7339992523
A:RS7841,C18,18.7339992523
A:RS7841,C19,17.8920001984
