mol_id,atom_id,score
A:SO4301,S1,0.0
A:SO4301,O2,0.0
A:SO4301,O3,0.0
A:SO4301,O4,0.0
A:SO4301,O5,0.0
A:SO4302,S1,8.41800022125
A:SO4302,O2,8.50100040436
A:SO4302,O3,11.4630002975
A:SO4302,O4,14.6719999313
A:SO4302,O5,14.6719999313
A:SO4303,S1,0.0
A:SO4303,O2,0.0
A:SO4303,O3,0.0
A:SO4303,O4,0.0
A:SO4303,O5,0.0
A:6751001,N1,0.0
A:6751001,C2,12.0369997025
A:6751001,N3,12.2410001755
A:6751001,C4,12.0369997025
A:6751001,C5,12.0369997025
A:6751001,C6,12.0369997025
A:6751001,C7,13.1909999847
A:6751001,C8,13.7430000305
A:6751001,C9,13.7650003433
A:6751001,C10,13.7650003433
A:6751001,C11,13.7650003433
A:6751001,C12,13.7650003433
A:6751001,C13,12.0369997025
A:6751001,C14,13.7430000305
A:6751001,O15,0.0
A:6751001,N16,14.0290002823
A:6751001,C17,10.767999649
A:6751001,C18,9.88399982452
A:6751001,C19,7.53000020981
A:6751001,C20,7.59800004959
A:6751001,C21,7.98000001907
A:6751001,C22,9.88399982452
