mol_id,atom_id,score
A:TSN800,O1,0.0
A:TSN800,O2,0.0
A:TSN800,O3,0.0
A:TSN800,N4,0.0
A:TSN800,N5,0.0
A:TSN800,C6,0.0
A:TSN800,C7,0.0
A:TSN800,C8,0.0
A:TSN800,C9,0.0
A:TSN800,C10,0.0
A:TSN800,C11,0.0
A:TSN800,C12,0.0
A:TSN800,C13,0.0
A:TSN800,C14,0.0
A:TSN800,C15,0.0
A:TSN800,C16,0.0
A:TSN800,C17,0.0
A:TSN800,C18,0.0
A:TSN800,C19,0.0
A:TSN800,C20,9.78800010681
A:TSN800,C21,0.0
A:TSN800,C22,0.0
A:TSN801,O1,7.90100002289
A:TSN801,O2,13.6040000916
A:TSN801,O3,0.0
A:TSN801,N4,12.9759998322
A:TSN801,N5,0.0
A:TSN801,C6,9.87699985504
A:TSN801,C7,0.0
A:TSN801,C8,0.0
A:TSN801,C9,0.0
A:TSN801,C10,0.0
A:TSN801,C11,9.45100021362
A:TSN801,C12,12.0679998398
A:TSN801,C13,12.0679998398
A:TSN801,C14,12.7840003967
A:TSN801,C15,12.7840003967
A:TSN801,C16,12.7840003967
A:TSN801,C17,12.7840003967
A:TSN801,C18,11.4569997787
A:TSN801,C19,8.88700008392
A:TSN801,C20,12.7840003967
A:TSN801,C21,0.0
A:TSN801,C22,0.0
